{"stats":{"minecraft:picked_up":{"spore:claw_fragment":6,"minecraft:rotten_flesh":4,"spore:armor_fragment":5,"minecraft:sand":1,"minecraft:oak_log":49,"spore:mutated_fiber":4,"minecraft:bread":3},"minecraft:crafted":{"minecraft:wooden_sword":1,"minecraft:oak_planks":196,"minecraft:crafting_table":1,"minecraft:stick":8,"minecraft:wooden_pickaxe":1,"minecraft:wooden_axe":1},"minecraft:used":{"minecraft:wooden_axe":45,"minecraft:wooden_sword":15,"minecraft:crafting_table":1,"minecraft:bread":15,"alexsmobs:animal_dictionary":5},"minecraft:killed":{"spore:knight":1},"minecraft:mined":{"minecraft:grass":1,"minecraft:oak_log":51,"minecraft:sand":1,"horror_element_mod:beheaded_body":1},"minecraft:custom":{"minecraft:time_since_rest":30368,"minecraft:open_chest":24,"minecraft:play_time":30368,"minecraft:sprint_one_cm":149795,"minecraft:damage_taken":621,"minecraft:walk_one_cm":95267,"minecraft:sneak_time":29,"minecraft:walk_under_water_one_cm":336,"minecraft:mob_kills":1,"minecraft:drop":5,"minecraft:jump":529,"minecraft:damage_dealt":300,"minecraft:time_since_death":30368,"minecraft:walk_on_water_one_cm":1376,"minecraft:total_world_time":30368,"minecraft:climb_one_cm":2391,"minecraft:swim_one_cm":7578,"minecraft:interact_with_crafting_table":1,"minecraft:fall_one_cm":6441,"minecraft:fly_one_cm":53517},"minecraft:dropped":{"minecraft:rotten_flesh":4,"minecraft:bread":4}},"DataVersion":3465}