{"stats":{"minecraft:picked_up":{"minecraft:rotten_flesh":4,"minecraft:oak_log":49,"minecraft:bread":3},"minecraft:crafted":{"minecraft:wooden_sword":1,"minecraft:oak_planks":196,"minecraft:crafting_table":1,"minecraft:stick":8,"minecraft:wooden_pickaxe":1,"minecraft:wooden_axe":1},"minecraft:used":{"minecraft:wooden_axe":45,"minecraft:crafting_table":1,"minecraft:bread":5,"alexsmobs:animal_dictionary":5},"minecraft:mined":{"minecraft:grass":1,"minecraft:oak_log":51,"horror_element_mod:beheaded_body":1},"minecraft:custom":{"minecraft:time_since_rest":18368,"minecraft:open_chest":24,"minecraft:play_time":18368,"minecraft:sprint_one_cm":71944,"minecraft:damage_taken":163,"minecraft:walk_one_cm":61984,"minecraft:sneak_time":29,"minecraft:walk_under_water_one_cm":336,"minecraft:drop":5,"minecraft:jump":276,"minecraft:time_since_death":18368,"minecraft:walk_on_water_one_cm":1218,"minecraft:total_world_time":18368,"minecraft:climb_one_cm":2391,"minecraft:swim_one_cm":6793,"minecraft:interact_with_crafting_table":1,"minecraft:fall_one_cm":3563,"minecraft:fly_one_cm":22764},"minecraft:dropped":{"minecraft:rotten_flesh":4,"minecraft:bread":4}},"DataVersion":3465}