{"stats":{"minecraft:broken":{"minecraft:leather_leggings":1,"minecraft:leather_chestplate":1,"minecraft:wooden_sword":2,"minecraft:leather_boots":1,"minecraft:iron_pickaxe":1},"minecraft:crafted":{"minecraft:wooden_sword":3,"spore:claw":7,"minecraft:oak_planks":196,"spore:maul":1,"minecraft:furnace":1,"spore:living_boots":1,"spore:fleshy_bone":9,"spore:mace":1,"spore:fleshy_claw":7,"spore:knife":1,"spore:living_chest":1,"spore:living_core":8,"spore:symbiotic_reagent":1,"minecraft:crafting_table":3,"minecraft:wooden_pickaxe":1,"spore:living_pants":1,"spore:greatsword":1,"spore:saber":1,"minecraft:stick":24,"minecraft:iron_pickaxe":2,"minecraft:wooden_axe":1,"spore:plated_muscle":13,"spore:hardened_bind":5,"spore:living_helmet":1,"spore:nerves":64,"minecraft:torch":68},"minecraft:mined":{"minecraft:tuff":14,"spore:infested_sand":5,"spore:wall_growths_big":17,"spore:wall_growths":10,"minecraft:mossy_cobblestone":1,"spore:brain_remnants":9,"minecraft:granite":10,"spore:fungal_stem":65,"minecraft:moss_block":6,"spore:growths_small":53,"minecraft:spawner":2,"spore:mycelium_veins":26,"minecraft:waxed_oxidized_cut_copper":3,"spore:rotten_log":3,"spore:blomfung":40,"minecraft:iron_ore":41,"minecraft:cobbled_deepslate":2,"minecraft:waxed_oxidized_cut_copper_slab":1,"minecraft:andesite":19,"minecraft:green_terracotta":34,"minecraft:moss_carpet":1,"spore:growth_mycelium":52,"minecraft:vine":3,"minecraft:deepslate_iron_ore":12,"minecraft:stone":190,"horror_element_mod:beheaded_body":1,"minecraft:polished_granite":1,"spore:growths_big":60,"minecraft:crafting_table":1,"minecraft:chest":1,"minecraft:dead_bush":4,"spore:membrane_block":1,"minecraft:cobblestone":8,"spore:biomass_block":11,"minecraft:deepslate_gold_ore":8,"minecraft:oak_planks":4,"minecraft:diorite":19,"minecraft:smooth_sandstone_slab":10,"minecraft:wall_torch":1,"spore:fungal_stem_sapling":2,"minecraft:deepslate_copper_ore":5,"spore:bloomfung2":103,"minecraft:quartz_pillar":11,"minecraft:tnt":77,"minecraft:smooth_stone_slab":3,"spore:fungal_stem_top":6,"minecraft:grass":4,"minecraft:oak_log":51,"minecraft:coal_ore":23,"minecraft:gravel":11,"minecraft:sand":8,"spore:hanging_fungal_stem":1,"minecraft:cracked_stone_bricks":10,"minecraft:birch_fence":1,"minecraft:polished_andesite":2,"minecraft:stone_bricks":7,"minecraft:oak_leaves":8,"spore:remains":47,"minecraft:deepslate":105},"minecraft:used":{"minecraft:flint_and_steel":34,"minecraft:polished_deepslate":2,"minecraft:chest":1,"minecraft:sandstone_wall":2,"minecraft:green_terracotta":27,"minecraft:torch":71,"minecraft:tuff":4,"minecraft:wooden_axe":49,"minecraft:iron_axe":599,"minecraft:stone_bricks":1,"minecraft:furnace":1,"tombstone:gift":3,"minecraft:cobbled_deepslate":111,"spore:mace":59,"spore:knife":185,"minecraft:oak_planks":37,"minecraft:wooden_pickaxe":9,"minecraft:cracked_stone_bricks":6,"minecraft:golden_apple":2,"spore:infested_sand":17,"minecraft:sand":85,"minecraft:tnt":15,"minecraft:crafting_table":4,"spore:greatsword":10,"minecraft:apple":7,"minecraft:bread":98,"spore:saber":63,"minecraft:iron_pickaxe":554,"spore:maul":1,"minecraft:gravel":8,"minecraft:wooden_sword":155,"minecraft:cobblestone":155,"alexsmobs:animal_dictionary":5,"minecraft:golden_pickaxe":1},"minecraft:custom":{"minecraft:mob_kills":78,"minecraft:interact_with_crafting_table":57,"minecraft:open_barrel":6,"minecraft:damage_dealt_resisted":1266,"minecraft:leave_game":3,"minecraft:time_since_death":65,"minecraft:climb_one_cm":26031,"minecraft:sprint_one_cm":1202854,"minecraft:walk_one_cm":618366,"minecraft:drop":103,"minecraft:play_time":293129,"minecraft:deaths":42,"minecraft:sneak_time":2813,"minecraft:walk_under_water_one_cm":18712,"minecraft:jump":4213,"minecraft:interact_with_blast_furnace":3,"minecraft:walk_on_water_one_cm":60419,"minecraft:total_world_time":293129,"minecraft:interact_with_furnace":2,"minecraft:sleep_in_bed":2,"minecraft:time_since_rest":1,"minecraft:waystone_activated":1,"minecraft:damage_taken":17973,"minecraft:damage_absorbed":80,"minecraft:trigger_trapped_chest":2,"minecraft:damage_dealt":25980,"minecraft:swim_one_cm":128410,"minecraft:fly_one_cm":519159,"minecraft:open_chest":184,"minecraft:crouch_one_cm":107,"tombstone:undead_killed":15,"minecraft:fall_one_cm":64762},"minecraft:killed":{"graveyard:skeleton_creeper":1,"spore:braiomil":2,"minecraft:spider":1,"spore:inquisitor":1,"minecraft:skeleton":5,"spore:verva":3,"spore:usurper":1,"spore:spitter":1,"spore:braurei":1,"minecraft:husk":2,"spore:inf_player":2,"spore:brute":1,"minecraft:creeper":2,"spore:inf_pillager":9,"spore:inf_villager":12,"spore:mound":6,"minecraft:zombie":4,"spore:inf_human":11,"spore:inf_witch":1,"spore:howler":1,"spore:inf_husk":9,"spore:slasher":1,"spore:knight":1},"minecraft:dropped":{"minecraft:bread":5,"minecraft:moss_block":4,"minecraft:wheat_seeds":2,"spore:biomass_block":1,"minecraft:glow_ink_sac":2,"minecraft:golden_pickaxe":1,"minecraft:mossy_cobblestone":2,"gamma_beasts:coal_nugget":8,"minecraft:cracked_stone_bricks":2,"minecraft:quartz_pillar":9,"minecraft:stick":6,"minecraft:polished_andesite":2,"minecraft:birch_fence":2,"minecraft:torch":1,"tombstone:magic_scroll":2,"tombstone:grave_key":2,"minecraft:wooden_axe":1,"ava:m4a1":1,"tombstone:grave_dust":2,"minecraft:iron_pickaxe":1,"minecraft:smooth_stone":2,"minecraft:string":3,"minecraft:redstone":1,"minecraft:gravel":2,"minecraft:moss_carpet":2,"minecraft:sugar_cane":1,"spore:rooted_mycelium":8,"minecraft:green_terracotta":6,"spore:mace":1,"minecraft:smooth_stone_slab":4,"minecraft:tuff":26,"minecraft:rotten_flesh":23,"spore:mutated_fiber":9,"spore:maul":1,"minecraft:birch_fence_gate":1,"spore:membrane_block":1,"minecraft:gunpowder":1,"minecraft:andesite":24,"minecraft:oak_sapling":1,"minecraft:stone_bricks":10,"minecraft:sandstone":5,"minecraft:arrow":9,"ava:regular_rifle_magazine":1,"minecraft:polished_granite":2},"minecraft:killed_by":{"minecraft:husk":1,"ava:blue_robot":1,"spore:busser":2,"spore:volatile":1,"minecraft:creeper":2,"spore:usurper":3,"spore:inquisitor":3,"spore:delusioner":3,"spore:inf_pillager":2,"spore:spitter":1,"spore:sieger":2,"spore:inf_player":1,"spore:inf_villager":3,"minecraft:skeleton":4,"minecraft:zombie":12},"minecraft:picked_up":{"minecraft:crafting_table":1,"minecraft:waxed_oxidized_cut_copper":2,"spore:mutated_heart":17,"minecraft:golden_pickaxe":1,"minecraft:brown_mushroom":1,"minecraft:potion":1,"tombstone:grave_key":2,"spore:sickle_fragment":1,"minecraft:polished_deepslate":2,"minecraft:string":10,"minecraft:moss_carpet":2,"minecraft:raw_copper":17,"minecraft:iron_axe":2,"minecraft:smooth_stone_slab":4,"spore:corrosive_sack":2,"minecraft:birch_fence":2,"graveyard:corruption":3,"minecraft:cracked_stone_bricks":10,"minecraft:cobbled_deepslate":111,"minecraft:smooth_stone":2,"spore:rooted_mycelium":8,"spore:infested_sand":40,"spore:membrane_block":1,"minecraft:iron_pickaxe":2,"minecraft:sugar_cane":1,"minecraft:chest":1,"ava:k1a1":1,"minecraft:stick":20,"spore:tumor":7,"minecraft:raw_iron":52,"minecraft:sandstone":17,"spore:wing_membrane":3,"minecraft:copper_ingot":1,"minecraft:torch":4,"minecraft:sandstone_wall":2,"minecraft:quartz_pillar":18,"tombstone:grave_dust":1,"minecraft:diorite":18,"minecraft:redstone":1,"spore:mace":1,"minecraft:green_terracotta":33,"minecraft:smooth_sandstone_slab":15,"minecraft:tnt":79,"minecraft:arrow":14,"minecraft:rotten_flesh":24,"minecraft:sandstone_stairs":3,"alexsmobs:emu_egg":1,"gamma_beasts:coal_nugget":9,"spore:alveolic_sack":3,"spore:tendons":13,"minecraft:cobblestone":215,"spore:altered_spleen":2,"minecraft:glow_ink_sac":2,"minecraft:andesite":25,"minecraft:yellow_dye":1,"minecraft:birch_planks":1,"spore:brain_remnants":9,"minecraft:tuff":30,"minecraft:oak_log":49,"minecraft:gunpowder":2,"minecraft:polished_granite":2,"minecraft:bone":16,"minecraft:apple":1,"minecraft:stone_bricks":11,"minecraft:wheat_seeds":2,"minecraft:raw_gold":8,"ava:regular_rifle_magazine":7,"spore:mutated_fiber":192,"spore:biomass_block":1,"minecraft:moss_block":4,"minecraft:oak_planks":26,"minecraft:book":1,"spore:cerebrum":12,"spore:armor_fragment":66,"minecraft:gravel":11,"minecraft:birch_fence_gate":1,"minecraft:sand":142,"minecraft:mossy_cobblestone":2,"minecraft:spider_eye":1,"minecraft:polished_andesite":1,"spore:claw_fragment":56,"minecraft:granite":10,"minecraft:bread":4,"minecraft:emerald":1,"minecraft:waxed_oxidized_cut_copper_slab":1,"spore:spine_fragment":14,"tombstone:magic_scroll":2,"minecraft:oak_sapling":1,"ava:m4a1":2,"minecraft:coal":23}},"DataVersion":3465}