{"stats":{"minecraft:killed":{"spore:braiomil":1,"minecraft:zombie":1,"spore:inf_human":2,"spore:knight":1},"minecraft:crafted":{"spore:living_core":1,"minecraft:wooden_sword":3,"spore:claw":2,"minecraft:oak_planks":196,"minecraft:crafting_table":3,"minecraft:wooden_pickaxe":1,"minecraft:stick":8,"minecraft:wooden_axe":1},"minecraft:broken":{"minecraft:wooden_sword":1,"minecraft:leather_boots":1,"minecraft:leather_leggings":1,"minecraft:leather_chestplate":1},"minecraft:killed_by":{"ava:blue_robot":1,"spore:volatile":1,"minecraft:skeleton":1,"minecraft:creeper":1,"minecraft:zombie":1,"spore:inquisitor":2},"minecraft:used":{"minecraft:oak_planks":37,"minecraft:chest":1,"minecraft:wooden_pickaxe":6,"minecraft:sand":3,"minecraft:crafting_table":3,"minecraft:wooden_axe":49,"minecraft:bread":50,"minecraft:wooden_sword":93,"alexsmobs:animal_dictionary":5,"minecraft:golden_pickaxe":1},"minecraft:custom":{"minecraft:mob_kills":5,"minecraft:interact_with_crafting_table":6,"minecraft:damage_dealt_resisted":162,"minecraft:leave_game":2,"minecraft:time_since_death":3269,"minecraft:sleep_in_bed":1,"minecraft:climb_one_cm":4685,"minecraft:time_since_rest":2210,"minecraft:waystone_activated":1,"minecraft:sprint_one_cm":431374,"minecraft:damage_taken":4417,"minecraft:walk_one_cm":184907,"minecraft:trigger_trapped_chest":1,"minecraft:drop":18,"minecraft:damage_dealt":2372,"minecraft:swim_one_cm":29584,"minecraft:fly_one_cm":213735,"minecraft:open_chest":74,"minecraft:crouch_one_cm":107,"minecraft:play_time":80005,"tombstone:undead_killed":1,"minecraft:deaths":7,"minecraft:sneak_time":2805,"minecraft:walk_under_water_one_cm":1655,"minecraft:jump":1430,"minecraft:walk_on_water_one_cm":13211,"minecraft:total_world_time":80005,"minecraft:fall_one_cm":23212},"minecraft:picked_up":{"spore:mutated_heart":2,"minecraft:golden_pickaxe":1,"minecraft:brown_mushroom":1,"minecraft:yellow_dye":1,"minecraft:birch_planks":1,"minecraft:oak_log":49,"minecraft:string":4,"minecraft:iron_axe":1,"spore:mutated_fiber":12,"minecraft:iron_pickaxe":1,"minecraft:chest":1,"minecraft:oak_planks":4,"minecraft:book":1,"spore:tumor":3,"minecraft:sandstone":9,"minecraft:copper_ingot":1,"spore:armor_fragment":13,"minecraft:torch":1,"minecraft:gravel":1,"minecraft:sand":6,"minecraft:redstone":1,"spore:claw_fragment":6,"minecraft:rotten_flesh":15,"minecraft:sandstone_stairs":3,"minecraft:bread":4,"minecraft:emerald":1,"minecraft:oak_sapling":1,"spore:tendons":3,"minecraft:cobblestone":6},"minecraft:dropped":{"minecraft:bread":5,"minecraft:rotten_flesh":15,"minecraft:redstone":1},"minecraft:mined":{"horror_element_mod:beheaded_body":1,"minecraft:chest":1,"minecraft:oak_planks":4,"minecraft:grass":1,"minecraft:oak_log":51,"minecraft:gravel":1,"minecraft:sand":4,"minecraft:stone":6,"minecraft:oak_leaves":7,"spore:remains":1}},"DataVersion":3465}