{"stats":{"minecraft:killed":{"spore:inf_human":2,"spore:braiomil":1,"spore:knight":1},"minecraft:crafted":{"spore:living_core":1,"minecraft:wooden_sword":3,"spore:claw":2,"minecraft:oak_planks":196,"minecraft:crafting_table":3,"minecraft:stick":8,"minecraft:wooden_pickaxe":1,"minecraft:wooden_axe":1},"minecraft:broken":{"minecraft:leather_chestplate":1,"minecraft:wooden_sword":1,"minecraft:leather_leggings":1,"minecraft:leather_boots":1},"minecraft:killed_by":{"spore:inquisitor":2,"ava:blue_robot":1,"spore:volatile":1,"minecraft:creeper":1,"minecraft:zombie":1},"minecraft:used":{"minecraft:wooden_axe":49,"minecraft:bread":48,"minecraft:oak_planks":37,"minecraft:chest":1,"minecraft:sand":3,"minecraft:wooden_sword":87,"minecraft:crafting_table":3,"alexsmobs:animal_dictionary":5},"minecraft:custom":{"minecraft:time_since_rest":4338,"minecraft:sprint_one_cm":383647,"minecraft:damage_taken":4052,"minecraft:walk_one_cm":168555,"minecraft:trigger_trapped_chest":1,"minecraft:mob_kills":4,"minecraft:drop":13,"minecraft:damage_dealt":2174,"minecraft:swim_one_cm":24486,"minecraft:interact_with_crafting_table":5,"minecraft:fly_one_cm":170642,"minecraft:open_chest":62,"minecraft:crouch_one_cm":107,"minecraft:play_time":75366,"minecraft:deaths":6,"minecraft:sneak_time":2805,"minecraft:walk_under_water_one_cm":1240,"minecraft:damage_dealt_resisted":162,"minecraft:jump":1329,"minecraft:leave_game":1,"minecraft:walk_on_water_one_cm":9986,"minecraft:time_since_death":5240,"minecraft:sleep_in_bed":1,"minecraft:climb_one_cm":4685,"minecraft:total_world_time":75366,"minecraft:fall_one_cm":20930},"minecraft:picked_up":{"minecraft:book":1,"minecraft:sandstone":9,"spore:tumor":3,"spore:mutated_heart":2,"minecraft:yellow_dye":1,"minecraft:brown_mushroom":1,"spore:armor_fragment":13,"minecraft:torch":1,"minecraft:birch_planks":1,"minecraft:gravel":1,"minecraft:sand":6,"minecraft:oak_log":49,"minecraft:redstone":1,"minecraft:string":4,"spore:claw_fragment":6,"minecraft:rotten_flesh":10,"minecraft:sandstone_stairs":3,"minecraft:emerald":1,"spore:mutated_fiber":12,"minecraft:bread":4,"minecraft:oak_sapling":1,"spore:tendons":3,"minecraft:chest":1,"minecraft:oak_planks":4},"minecraft:dropped":{"minecraft:bread":5,"minecraft:rotten_flesh":10,"minecraft:redstone":1},"minecraft:mined":{"horror_element_mod:beheaded_body":1,"minecraft:grass":1,"minecraft:oak_log":51,"minecraft:chest":1,"minecraft:gravel":1,"minecraft:sand":4,"minecraft:oak_planks":4,"minecraft:oak_leaves":7,"spore:remains":1}},"DataVersion":3465}