{"stats":{"minecraft:picked_up":{"minecraft:rotten_flesh":4},"minecraft:used":{"alexsmobs:animal_dictionary":5},"minecraft:mined":{"horror_element_mod:beheaded_body":1},"minecraft:custom":{"minecraft:jump":100,"minecraft:open_chest":19,"minecraft:time_since_rest":6368,"minecraft:walk_on_water_one_cm":577,"minecraft:damage_taken":10,"minecraft:sprint_one_cm":34058,"minecraft:play_time":6368,"minecraft:time_since_death":6368,"minecraft:walk_one_cm":25146,"minecraft:sneak_time":29,"minecraft:climb_one_cm":1554,"minecraft:total_world_time":6368,"minecraft:walk_under_water_one_cm":101,"minecraft:drop":1,"minecraft:swim_one_cm":1753,"minecraft:fall_one_cm":685,"minecraft:fly_one_cm":9648},"minecraft:dropped":{"minecraft:rotten_flesh":4}},"DataVersion":3465}