{"stats":{"minecraft:killed":{"spore:braiomil":1,"spore:knight":1},"minecraft:crafted":{"spore:living_core":1,"minecraft:wooden_sword":1,"spore:claw":2,"minecraft:oak_planks":196,"minecraft:crafting_table":2,"minecraft:stick":8,"minecraft:wooden_pickaxe":1,"minecraft:wooden_axe":1},"minecraft:killed_by":{"minecraft:creeper":1,"minecraft:zombie":1},"minecraft:used":{"minecraft:wooden_axe":45,"minecraft:bread":25,"minecraft:chest":1,"minecraft:wooden_sword":23,"minecraft:crafting_table":2,"alexsmobs:animal_dictionary":5},"minecraft:picked_up":{"spore:mutated_heart":1,"minecraft:yellow_dye":1,"minecraft:brown_mushroom":1,"spore:armor_fragment":8,"minecraft:sand":2,"minecraft:oak_log":49,"minecraft:string":4,"spore:claw_fragment":6,"minecraft:rotten_flesh":4,"minecraft:emerald":1,"spore:mutated_fiber":7,"minecraft:bread":4,"spore:tendons":3,"minecraft:chest":1},"minecraft:custom":{"minecraft:time_since_rest":11122,"minecraft:sprint_one_cm":288002,"minecraft:damage_taken":1476,"minecraft:walk_one_cm":138988,"minecraft:trigger_trapped_chest":1,"minecraft:mob_kills":2,"minecraft:drop":6,"minecraft:damage_dealt":581,"minecraft:swim_one_cm":14149,"minecraft:interact_with_crafting_table":4,"minecraft:fly_one_cm":105596,"minecraft:open_chest":56,"minecraft:play_time":51366,"minecraft:deaths":2,"minecraft:sneak_time":29,"minecraft:walk_under_water_one_cm":843,"minecraft:jump":963,"minecraft:leave_game":1,"minecraft:walk_on_water_one_cm":5737,"minecraft:time_since_death":16595,"minecraft:sleep_in_bed":1,"minecraft:climb_one_cm":4163,"minecraft:total_world_time":51366,"minecraft:fall_one_cm":13139},"minecraft:dropped":{"minecraft:bread":5,"minecraft:rotten_flesh":4},"minecraft:mined":{"horror_element_mod:beheaded_body":1,"minecraft:grass":1,"minecraft:oak_log":51,"minecraft:chest":1,"minecraft:sand":2}},"DataVersion":3465}