{"stats":{"minecraft:killed":{"spore:inf_human":2,"spore:braiomil":1,"spore:knight":1},"minecraft:crafted":{"spore:living_core":1,"minecraft:wooden_sword":1,"spore:claw":2,"minecraft:oak_planks":196,"minecraft:crafting_table":2,"minecraft:stick":8,"minecraft:wooden_pickaxe":1,"minecraft:wooden_axe":1},"minecraft:broken":{"minecraft:leather_leggings":1,"minecraft:leather_boots":1},"minecraft:killed_by":{"ava:blue_robot":1,"spore:volatile":1,"minecraft:creeper":1,"minecraft:zombie":1},"minecraft:used":{"minecraft:wooden_axe":48,"minecraft:bread":37,"minecraft:oak_planks":17,"minecraft:chest":1,"minecraft:wooden_sword":56,"minecraft:crafting_table":2,"alexsmobs:animal_dictionary":5},"minecraft:picked_up":{"spore:mutated_heart":2,"minecraft:yellow_dye":1,"minecraft:brown_mushroom":1,"spore:armor_fragment":8,"minecraft:gravel":1,"minecraft:sand":4,"minecraft:oak_log":49,"minecraft:string":4,"spore:claw_fragment":6,"minecraft:rotten_flesh":4,"minecraft:emerald":1,"spore:mutated_fiber":8,"minecraft:bread":4,"minecraft:oak_sapling":1,"spore:tendons":3,"minecraft:chest":1,"minecraft:oak_planks":3},"minecraft:custom":{"minecraft:time_since_rest":4383,"minecraft:sprint_one_cm":334934,"minecraft:damage_taken":2832,"minecraft:walk_one_cm":153851,"minecraft:trigger_trapped_chest":1,"minecraft:mob_kills":4,"minecraft:drop":6,"minecraft:damage_dealt":1529,"minecraft:swim_one_cm":14149,"minecraft:interact_with_crafting_table":4,"minecraft:fly_one_cm":125636,"minecraft:open_chest":57,"minecraft:crouch_one_cm":85,"minecraft:play_time":63366,"minecraft:deaths":4,"minecraft:sneak_time":1603,"minecraft:walk_under_water_one_cm":843,"minecraft:damage_dealt_resisted":67,"minecraft:jump":1154,"minecraft:leave_game":1,"minecraft:walk_on_water_one_cm":6712,"minecraft:time_since_death":5109,"minecraft:sleep_in_bed":1,"minecraft:climb_one_cm":4163,"minecraft:total_world_time":63366,"minecraft:fall_one_cm":17097},"minecraft:dropped":{"minecraft:bread":5,"minecraft:rotten_flesh":4},"minecraft:mined":{"horror_element_mod:beheaded_body":1,"minecraft:grass":1,"minecraft:oak_log":51,"minecraft:chest":1,"minecraft:gravel":1,"minecraft:sand":4,"minecraft:oak_planks":3,"minecraft:oak_leaves":5}},"DataVersion":3465}