{"stats":{"minecraft:picked_up":{"spore:armor_fragment":5,"minecraft:sand":1,"minecraft:oak_log":49,"minecraft:string":4,"spore:claw_fragment":6,"minecraft:rotten_flesh":4,"spore:mutated_fiber":4,"minecraft:bread":4},"minecraft:crafted":{"minecraft:wooden_sword":1,"minecraft:oak_planks":196,"minecraft:crafting_table":1,"minecraft:stick":8,"minecraft:wooden_pickaxe":1,"minecraft:wooden_axe":1},"minecraft:used":{"minecraft:wooden_axe":45,"minecraft:bread":18,"minecraft:wooden_sword":15,"minecraft:crafting_table":1,"alexsmobs:animal_dictionary":5},"minecraft:killed":{"spore:knight":1},"minecraft:mined":{"horror_element_mod:beheaded_body":1,"minecraft:grass":1,"minecraft:oak_log":51,"minecraft:sand":1},"minecraft:killed_by":{"minecraft:creeper":1,"minecraft:zombie":1},"minecraft:custom":{"minecraft:time_since_rest":1,"minecraft:sprint_one_cm":243260,"minecraft:damage_taken":1126,"minecraft:walk_one_cm":115671,"minecraft:mob_kills":1,"minecraft:drop":6,"minecraft:damage_dealt":300,"minecraft:interact_with_crafting_table":1,"minecraft:swim_one_cm":12323,"minecraft:fly_one_cm":94837,"minecraft:open_chest":24,"minecraft:play_time":35096,"minecraft:deaths":2,"minecraft:sneak_time":29,"minecraft:walk_under_water_one_cm":589,"minecraft:jump":824,"minecraft:leave_game":1,"minecraft:walk_on_water_one_cm":3954,"minecraft:time_since_death":325,"minecraft:climb_one_cm":3106,"minecraft:total_world_time":35096,"minecraft:fall_one_cm":10975},"minecraft:dropped":{"minecraft:bread":5,"minecraft:rotten_flesh":4}},"DataVersion":3465}