{"stats":{"minecraft:crafted":{"minecraft:oak_planks":60,"minecraft:crafting_table":3,"minecraft:wooden_pickaxe":1,"minecraft:furnace":1,"minecraft:bone_meal":54,"minecraft:bread":62,"minecraft:air":0,"minecraft:wooden_hoe":1,"minecraft:shield":1,"minecraft:iron_axe":1,"minecraft:stick":12,"minecraft:iron_ingot":4,"minecraft:iron_pickaxe":2,"minecraft:stone_pickaxe":1,"minecraft:gold_ingot":4,"minecraft:wheat":162},"minecraft:custom":{"minecraft:interact_with_furnace":18,"minecraft:mob_kills":10,"minecraft:interact_with_crafting_table":11,"minecraft:leave_game":2,"minecraft:time_since_death":1779,"minecraft:climb_one_cm":3136,"minecraft:waystone_activated":1,"minecraft:time_since_rest":264,"minecraft:sprint_one_cm":115092,"minecraft:damage_taken":920,"minecraft:walk_one_cm":103414,"minecraft:damage_blocked_by_shield":90,"minecraft:drop":3,"minecraft:damage_dealt":2103,"minecraft:damage_dealt_absorbed":73,"minecraft:swim_one_cm":18086,"minecraft:fly_one_cm":134136,"minecraft:open_chest":16,"minecraft:deaths":2,"minecraft:play_time":39328,"minecraft:crouch_one_cm":15467,"tombstone:undead_killed":4,"minecraft:sneak_time":5412,"minecraft:walk_under_water_one_cm":7380,"minecraft:jump":766,"minecraft:walk_on_water_one_cm":8743,"minecraft:total_world_time":39328,"minecraft:fall_one_cm":14063},"minecraft:mined":{"horror_element_mod:spiked_body":1,"horror_element_mod:dead_pig":1,"minecraft:orange_terracotta":6,"minecraft:mangrove_roots":2,"minecraft:soul_lantern":1,"minecraft:crafting_table":4,"minecraft:grass_block":2,"minecraft:dead_bush":10,"minecraft:cobblestone":11,"minecraft:sugar_cane":2,"minecraft:hay_block":22,"minecraft:white_terracotta":1,"gamma_beasts:almandine":1,"minecraft:furnace":3,"minecraft:carrots":5,"minecraft:iron_ore":10,"minecraft:fire":2,"minecraft:oak_log":15,"minecraft:potatoes":5,"minecraft:coal_ore":17,"minecraft:beetroots":1,"minecraft:sand":7,"minecraft:dirt":2,"minecraft:terracotta":12,"minecraft:stone":168,"gamma_beasts:red_maple_log":81,"minecraft:bone_block":6,"minecraft:gold_ore":26,"minecraft:oak_leaves":2},"minecraft:picked_up":{"gamma_beasts:almandine_cobblestone":1,"minecraft:crafting_table":3,"minecraft:potato":20,"minecraft:flint":1,"minecraft:oak_log":15,"mca:book_romance":1,"minecraft:dirt":4,"minecraft:string":2,"minecraft:flint_and_steel":1,"minecraft:orange_terracotta":6,"minecraft:bone":1,"minecraft:beetroot":1,"minecraft:wheat_seeds":3,"minecraft:raw_gold":26,"minecraft:iron_ingot":6,"gamma_beasts:red_maple_log":64,"tombstone:bag_of_seeds":1,"spore:mutated_fiber":4,"minecraft:sugar_cane":3,"minecraft:furnace":3,"minecraft:stick":3,"minecraft:raw_iron":11,"minecraft:sand":7,"minecraft:carrot":17,"minecraft:rotten_flesh":7,"minecraft:soul_lantern":1,"minecraft:tropical_fish":1,"minecraft:beetroot_seeds":2,"minecraft:hay_block":22,"alexsmobs:emu_egg":1,"gamma_beasts:coal_nugget":6,"minecraft:terracotta":12,"minecraft:white_terracotta":1,"minecraft:coal":17,"minecraft:bone_block":6,"minecraft:cobblestone":179},"minecraft:killed":{"minecraft:spider":1,"spore:inf_drowned":1,"spore:inf_villager":1,"minecraft:zombie":3,"alexsmobs:roadrunner":1,"alexsmobs:hammerhead_shark":1,"minecraft:drowned":1,"cardinal_sins:warriorofash":1},"minecraft:killed_by":{"minecraft:husk":1,"spore:inf_human":1},"minecraft:dropped":{"mca:book_romance":1,"minecraft:sand":1,"minecraft:stone_pickaxe":1},"minecraft:used":{"minecraft:flint_and_steel":2,"minecraft:stone_pickaxe":78,"minecraft:wooden_pickaxe":10,"minecraft:shield":3,"minecraft:sand":6,"minecraft:dirt":4,"minecraft:crafting_table":6,"minecraft:carrot":12,"tombstone:bag_of_seeds":1,"minecraft:wooden_hoe":6,"minecraft:bread":10,"minecraft:iron_axe":146,"minecraft:iron_pickaxe":187,"minecraft:cobblestone":60,"minecraft:hay_block":4,"minecraft:furnace":4,"tombstone:gift":1,"alexsmobs:animal_dictionary":1,"minecraft:potato":4,"minecraft:bone_meal":17}},"DataVersion":3465}