{"stats":{"minecraft:picked_up":{"minecraft:stick":3,"minecraft:crafting_table":2,"minecraft:raw_iron":11,"minecraft:potato":8,"minecraft:flint":1,"minecraft:oak_log":5,"minecraft:carrot":3,"minecraft:dirt":2,"minecraft:orange_terracotta":6,"minecraft:rotten_flesh":4,"minecraft:beetroot":1,"minecraft:beetroot_seeds":2,"minecraft:raw_gold":26,"minecraft:hay_block":4,"minecraft:iron_ingot":6,"gamma_beasts:coal_nugget":6,"minecraft:white_terracotta":1,"minecraft:terracotta":12,"minecraft:coal":17,"minecraft:cobblestone":169,"minecraft:furnace":2},"minecraft:crafted":{"minecraft:oak_planks":20,"minecraft:crafting_table":2,"minecraft:stick":8,"minecraft:iron_ingot":3,"minecraft:wooden_pickaxe":1,"minecraft:iron_pickaxe":1,"minecraft:stone_pickaxe":1,"minecraft:furnace":1,"minecraft:air":0,"minecraft:bread":9,"minecraft:wheat":27},"minecraft:used":{"minecraft:bread":2,"minecraft:stone_pickaxe":78,"minecraft:iron_pickaxe":168,"minecraft:wooden_pickaxe":10,"minecraft:cobblestone":46,"minecraft:hay_block":1,"minecraft:crafting_table":3,"minecraft:furnace":2,"alexsmobs:animal_dictionary":1},"minecraft:killed":{"cardinal_sins:warriorofash":1},"minecraft:mined":{"minecraft:hay_block":4,"minecraft:white_terracotta":1,"minecraft:furnace":2,"minecraft:carrots":1,"horror_element_mod:dead_pig":1,"minecraft:iron_ore":10,"minecraft:orange_terracotta":6,"minecraft:mangrove_roots":1,"minecraft:crafting_table":2,"minecraft:oak_log":5,"minecraft:potatoes":2,"minecraft:coal_ore":17,"minecraft:beetroots":1,"minecraft:dead_bush":4,"minecraft:dirt":2,"minecraft:cobblestone":1,"minecraft:terracotta":12,"minecraft:stone":168,"minecraft:gold_ore":26,"minecraft:oak_leaves":2},"minecraft:custom":{"minecraft:time_since_rest":20536,"minecraft:interact_with_furnace":8,"minecraft:sprint_one_cm":12304,"minecraft:damage_taken":50,"minecraft:walk_one_cm":38649,"minecraft:mob_kills":1,"minecraft:damage_dealt":397,"minecraft:interact_with_crafting_table":6,"minecraft:fly_one_cm":11135,"minecraft:open_chest":6,"minecraft:crouch_one_cm":8874,"minecraft:play_time":20536,"minecraft:sneak_time":3640,"minecraft:walk_under_water_one_cm":1921,"minecraft:jump":216,"minecraft:walk_on_water_one_cm":4071,"minecraft:leave_game":1,"minecraft:time_since_death":20536,"minecraft:climb_one_cm":693,"minecraft:total_world_time":20536,"minecraft:fall_one_cm":2388}},"DataVersion":3465}