{"stats":{"minecraft:crafted":{"minecraft:oak_planks":92,"minecraft:crafting_table":3,"minecraft:wooden_pickaxe":2,"minecraft:furnace":1,"minecraft:bone_meal":54,"minecraft:bread":64,"minecraft:air":0,"minecraft:wooden_hoe":1,"minecraft:shield":1,"minecraft:iron_axe":1,"minecraft:stick":20,"minecraft:iron_ingot":4,"minecraft:iron_pickaxe":2,"minecraft:stone_pickaxe":2,"minecraft:wooden_axe":1,"minecraft:gold_ingot":4,"minecraft:wheat":162},"minecraft:custom":{"minecraft:interact_with_furnace":18,"minecraft:mob_kills":13,"minecraft:interact_with_crafting_table":16,"minecraft:leave_game":3,"minecraft:time_since_death":16910,"minecraft:sleep_in_bed":1,"minecraft:climb_one_cm":6722,"minecraft:waystone_activated":1,"minecraft:time_since_rest":16478,"minecraft:sprint_one_cm":163460,"minecraft:damage_taken":2841,"minecraft:walk_one_cm":137245,"minecraft:damage_blocked_by_shield":90,"minecraft:drop":4,"minecraft:damage_dealt":2631,"minecraft:damage_dealt_absorbed":73,"minecraft:swim_one_cm":36826,"minecraft:fly_one_cm":220692,"minecraft:open_chest":20,"minecraft:play_time":65666,"minecraft:crouch_one_cm":21877,"minecraft:sneak_time":8786,"tombstone:undead_killed":4,"minecraft:deaths":7,"minecraft:walk_under_water_one_cm":27219,"minecraft:jump":1162,"minecraft:walk_on_water_one_cm":15130,"minecraft:total_world_time":65666,"minecraft:fall_one_cm":26124},"minecraft:mined":{"horror_element_mod:spiked_body":1,"horror_element_mod:dead_pig":1,"minecraft:orange_terracotta":6,"minecraft:mangrove_roots":2,"minecraft:soul_lantern":1,"minecraft:crafting_table":5,"minecraft:grass_block":2,"minecraft:dead_bush":11,"minecraft:stone_slab":2,"minecraft:cobblestone":11,"minecraft:lapis_ore":5,"minecraft:sugar_cane":2,"minecraft:sandstone":34,"minecraft:seagrass":1,"minecraft:sandstone_stairs":1,"minecraft:hay_block":26,"minecraft:white_terracotta":1,"gamma_beasts:almandine":1,"minecraft:jungle_wood":8,"minecraft:glowstone":1,"minecraft:furnace":3,"minecraft:carrots":6,"minecraft:wheat":5,"minecraft:iron_ore":10,"minecraft:fire":2,"minecraft:potatoes":10,"minecraft:oak_log":15,"minecraft:coal_ore":23,"minecraft:beetroots":2,"minecraft:vine":1,"minecraft:sand":8,"minecraft:dirt":2,"minecraft:stripped_oak_log":8,"minecraft:oak_button":1,"minecraft:terracotta":12,"minecraft:stone":175,"gamma_beasts:red_maple_log":81,"minecraft:bone_block":6,"minecraft:gold_ore":26,"minecraft:iron_trapdoor":1,"minecraft:oak_leaves":2},"minecraft:picked_up":{"minecraft:stripped_oak_log":8,"gamma_beasts:almandine_cobblestone":1,"minecraft:crafting_table":4,"minecraft:wheat":5,"minecraft:salmon":1,"minecraft:stone_slab":2,"minecraft:jungle_wood":8,"minecraft:potato":40,"minecraft:flint":1,"minecraft:oak_log":15,"mca:book_romance":1,"minecraft:lapis_lazuli":38,"minecraft:dirt":6,"minecraft:string":10,"minecraft:flint_and_steel":1,"minecraft:orange_terracotta":6,"minecraft:iron_leggings":1,"minecraft:armor_stand":3,"minecraft:bone":1,"minecraft:beetroot":1,"minecraft:wheat_seeds":14,"minecraft:raw_gold":26,"minecraft:iron_ingot":6,"spore:mutated_fiber":6,"gamma_beasts:red_maple_log":64,"tombstone:bag_of_seeds":1,"minecraft:glowstone_dust":2,"minecraft:sugar_cane":3,"minecraft:iron_boots":2,"minecraft:furnace":3,"minecraft:stick":3,"minecraft:raw_iron":11,"minecraft:sandstone":121,"minecraft:sand":8,"minecraft:carrot":22,"minecraft:diamond_chestplate":1,"minecraft:rotten_flesh":7,"minecraft:tropical_fish":1,"minecraft:beetroot_seeds":2,"minecraft:soul_lantern":1,"minecraft:oak_button":1,"minecraft:hay_block":25,"minecraft:sandstone_stairs":1,"minecraft:granite":1,"alexsmobs:emu_egg":1,"gamma_beasts:coal_nugget":7,"minecraft:chainmail_helmet":2,"minecraft:terracotta":12,"minecraft:white_terracotta":1,"minecraft:coal":23,"minecraft:bone_block":6,"minecraft:cobblestone":245},"minecraft:killed":{"spore:inf_player":2,"minecraft:salmon":1,"minecraft:spider":1,"spore:inf_drowned":1,"spore:inf_villager":1,"minecraft:zombie":3,"alexsmobs:roadrunner":1,"alexsmobs:hammerhead_shark":1,"minecraft:drowned":1,"cardinal_sins:warriorofash":1},"minecraft:killed_by":{"minecraft:husk":1,"spore:busser":1,"spore:inf_human":1,"spore:wendigo":2},"minecraft:dropped":{"mca:book_romance":1,"minecraft:map":1,"minecraft:sand":1,"minecraft:stone_pickaxe":1},"minecraft:used":{"minecraft:sandstone_stairs":1,"minecraft:flint_and_steel":2,"minecraft:stone_pickaxe":104,"minecraft:oak_planks":2,"minecraft:wooden_pickaxe":41,"minecraft:shield":3,"minecraft:sandstone":60,"minecraft:sand":6,"minecraft:dirt":4,"minecraft:crafting_table":7,"minecraft:carrot":12,"tombstone:bag_of_seeds":1,"minecraft:wooden_axe":47,"minecraft:wooden_hoe":6,"minecraft:bread":21,"minecraft:iron_axe":146,"minecraft:iron_pickaxe":187,"minecraft:stone_slab":1,"tombstone:grave_key":1,"minecraft:cobblestone":60,"minecraft:hay_block":4,"minecraft:furnace":4,"alexsmobs:animal_dictionary":1,"tombstone:gift":3,"minecraft:potato":4,"minecraft:bone_meal":17,"minecraft:iron_leggings":1}},"DataVersion":3465}