{"stats":{"minecraft:picked_up":{"minecraft:crafting_table":2,"minecraft:raw_iron":11,"minecraft:potato":8,"minecraft:oak_log":5,"minecraft:carrot":3,"minecraft:beetroot":1,"minecraft:beetroot_seeds":2,"minecraft:raw_gold":13,"minecraft:hay_block":4,"minecraft:iron_ingot":6,"gamma_beasts:coal_nugget":3,"minecraft:coal":7,"minecraft:cobblestone":97,"minecraft:furnace":2},"minecraft:crafted":{"minecraft:oak_planks":20,"minecraft:crafting_table":2,"minecraft:stick":8,"minecraft:iron_ingot":3,"minecraft:wooden_pickaxe":1,"minecraft:iron_pickaxe":1,"minecraft:stone_pickaxe":1,"minecraft:furnace":1,"minecraft:air":0,"minecraft:bread":9,"minecraft:wheat":27},"minecraft:used":{"minecraft:bread":2,"minecraft:stone_pickaxe":78,"minecraft:iron_pickaxe":42,"minecraft:wooden_pickaxe":10,"minecraft:cobblestone":14,"minecraft:hay_block":1,"minecraft:crafting_table":3,"minecraft:furnace":2,"alexsmobs:animal_dictionary":1},"minecraft:mined":{"minecraft:hay_block":4,"minecraft:furnace":2,"minecraft:carrots":1,"minecraft:iron_ore":10,"minecraft:crafting_table":2,"minecraft:oak_log":5,"minecraft:potatoes":2,"minecraft:coal_ore":7,"minecraft:beetroots":1,"minecraft:cobblestone":1,"minecraft:stone":96,"minecraft:gold_ore":13,"minecraft:oak_leaves":2},"minecraft:custom":{"minecraft:time_since_rest":14536,"minecraft:interact_with_furnace":8,"minecraft:sprint_one_cm":11122,"minecraft:damage_taken":50,"minecraft:walk_one_cm":25287,"minecraft:interact_with_crafting_table":6,"minecraft:fly_one_cm":9170,"minecraft:open_chest":6,"minecraft:crouch_one_cm":6094,"minecraft:play_time":14536,"minecraft:sneak_time":2660,"minecraft:walk_under_water_one_cm":1921,"minecraft:jump":113,"minecraft:walk_on_water_one_cm":1799,"minecraft:leave_game":1,"minecraft:time_since_death":14536,"minecraft:climb_one_cm":693,"minecraft:total_world_time":14536,"minecraft:fall_one_cm":2388}},"DataVersion":3465}