{"stats":{"minecraft:picked_up":{"minecraft:crafting_table":3,"minecraft:potato":8,"minecraft:flint":1,"minecraft:oak_log":15,"minecraft:dirt":4,"minecraft:flint_and_steel":1,"minecraft:orange_terracotta":6,"minecraft:beetroot":1,"minecraft:raw_gold":26,"minecraft:iron_ingot":6,"minecraft:sugar_cane":3,"minecraft:furnace":3,"minecraft:stick":3,"minecraft:raw_iron":11,"minecraft:sand":7,"minecraft:carrot":3,"minecraft:rotten_flesh":6,"minecraft:tropical_fish":1,"minecraft:beetroot_seeds":2,"minecraft:hay_block":4,"gamma_beasts:coal_nugget":6,"minecraft:white_terracotta":1,"minecraft:terracotta":12,"minecraft:coal":17,"minecraft:cobblestone":176},"minecraft:crafted":{"minecraft:oak_planks":60,"minecraft:crafting_table":3,"minecraft:wooden_pickaxe":1,"minecraft:furnace":1,"minecraft:bread":9,"minecraft:air":0,"minecraft:wooden_hoe":1,"minecraft:shield":1,"minecraft:iron_axe":1,"minecraft:stick":12,"minecraft:iron_ingot":4,"minecraft:iron_pickaxe":2,"minecraft:stone_pickaxe":1,"minecraft:gold_ingot":4,"minecraft:wheat":27},"minecraft:used":{"minecraft:stone_pickaxe":78,"minecraft:shield":3,"minecraft:wooden_pickaxe":10,"minecraft:sand":6,"minecraft:crafting_table":6,"minecraft:wooden_hoe":2,"minecraft:iron_axe":28,"minecraft:bread":7,"minecraft:iron_pickaxe":176,"minecraft:cobblestone":54,"minecraft:hay_block":1,"minecraft:furnace":3,"alexsmobs:animal_dictionary":1},"minecraft:killed":{"minecraft:zombie":2,"alexsmobs:hammerhead_shark":1,"cardinal_sins:warriorofash":1},"minecraft:mined":{"horror_element_mod:dead_pig":1,"minecraft:orange_terracotta":6,"minecraft:mangrove_roots":1,"minecraft:crafting_table":4,"minecraft:grass_block":2,"minecraft:dead_bush":10,"minecraft:cobblestone":8,"minecraft:sugar_cane":2,"minecraft:hay_block":4,"minecraft:white_terracotta":1,"minecraft:furnace":3,"minecraft:carrots":1,"minecraft:iron_ore":10,"minecraft:coal_ore":17,"minecraft:potatoes":2,"minecraft:oak_log":15,"minecraft:beetroots":1,"minecraft:sand":7,"minecraft:dirt":2,"minecraft:terracotta":12,"minecraft:stone":168,"minecraft:gold_ore":26,"minecraft:oak_leaves":2},"minecraft:custom":{"minecraft:interact_with_furnace":14,"minecraft:mob_kills":4,"minecraft:interact_with_crafting_table":9,"minecraft:leave_game":1,"minecraft:time_since_death":26536,"minecraft:climb_one_cm":693,"minecraft:time_since_rest":26536,"minecraft:sprint_one_cm":45524,"minecraft:damage_taken":340,"minecraft:walk_one_cm":64236,"minecraft:damage_blocked_by_shield":90,"minecraft:damage_dealt":1097,"minecraft:swim_one_cm":9135,"minecraft:fly_one_cm":53765,"minecraft:open_chest":6,"minecraft:crouch_one_cm":9914,"minecraft:play_time":26536,"tombstone:undead_killed":2,"minecraft:sneak_time":3912,"minecraft:walk_under_water_one_cm":6662,"minecraft:jump":450,"minecraft:walk_on_water_one_cm":6103,"minecraft:total_world_time":26536,"minecraft:fall_one_cm":9078}},"DataVersion":3465}