{"stats":{"minecraft:crafted":{"minecraft:oak_planks":92,"minecraft:furnace":1,"minecraft:bone_meal":54,"minecraft:iron_axe":1,"minecraft:stone_pickaxe":2,"minecraft:wheat":162,"minecraft:crafting_table":4,"minecraft:spruce_planks":4,"minecraft:wooden_pickaxe":2,"minecraft:stone_axe":1,"minecraft:bread":64,"minecraft:air":0,"minecraft:wooden_hoe":1,"minecraft:shield":1,"minecraft:stick":20,"minecraft:iron_ingot":4,"minecraft:iron_pickaxe":2,"minecraft:wooden_axe":1,"minecraft:gold_ingot":4},"minecraft:custom":{"minecraft:mob_kills":19,"minecraft:interact_with_crafting_table":17,"minecraft:bell_ring":1,"minecraft:leave_game":3,"minecraft:time_since_death":28910,"minecraft:climb_one_cm":8963,"minecraft:sprint_one_cm":277035,"minecraft:walk_one_cm":186827,"minecraft:damage_blocked_by_shield":90,"minecraft:drop":26,"minecraft:damage_dealt_absorbed":73,"minecraft:play_time":77666,"minecraft:deaths":7,"minecraft:sneak_time":9418,"minecraft:walk_under_water_one_cm":28415,"minecraft:jump":1786,"minecraft:walk_on_water_one_cm":16448,"minecraft:total_world_time":77666,"minecraft:interact_with_furnace":18,"minecraft:sleep_in_bed":3,"minecraft:time_since_rest":2232,"minecraft:waystone_activated":1,"minecraft:damage_taken":2995,"minecraft:damage_dealt":3566,"minecraft:swim_one_cm":39631,"minecraft:fly_one_cm":426612,"minecraft:open_chest":31,"minecraft:crouch_one_cm":24780,"tombstone:undead_killed":6,"minecraft:fall_one_cm":44959},"minecraft:mined":{"minecraft:mangrove_roots":2,"minecraft:grass_block":2,"minecraft:brick_stairs":1,"minecraft:sandstone":34,"minecraft:sandstone_stairs":1,"minecraft:hay_block":26,"gamma_beasts:almandine":1,"minecraft:furnace":3,"minecraft:glowstone":1,"minecraft:carrots":6,"minecraft:iron_ore":10,"minecraft:fire":2,"minecraft:potatoes":10,"minecraft:vine":1,"minecraft:stripped_oak_log":8,"minecraft:granite_stairs":1,"minecraft:stone":175,"minecraft:bone_block":15,"horror_element_mod:spiked_body":1,"horror_element_mod:dead_pig":1,"minecraft:orange_terracotta":6,"minecraft:dandelion":1,"minecraft:soul_lantern":1,"minecraft:crafting_table":5,"minecraft:dead_bush":12,"minecraft:stone_slab":2,"minecraft:cobblestone":11,"minecraft:lapis_ore":5,"minecraft:sugar_cane":3,"minecraft:blue_bed":3,"graveyard:birch_coffin":1,"minecraft:seagrass":1,"minecraft:white_terracotta":1,"minecraft:cactus":1,"minecraft:jungle_wood":8,"minecraft:wheat":5,"minecraft:spruce_log":93,"minecraft:grass":1,"minecraft:coal_ore":23,"minecraft:oak_log":15,"minecraft:beetroots":2,"minecraft:dirt":2,"minecraft:sand":9,"minecraft:terracotta":12,"minecraft:oak_button":1,"horror_element_mod:colonial_marine_body":1,"gamma_beasts:red_maple_log":81,"minecraft:gold_ore":26,"minecraft:oak_leaves":2,"minecraft:iron_trapdoor":1},"minecraft:picked_up":{"minecraft:crafting_table":4,"minecraft:wheat":5,"minecraft:stone_slab":2,"minecraft:string":10,"minecraft:raw_copper":10,"minecraft:flint_and_steel":1,"minecraft:iron_leggings":1,"minecraft:armor_stand":3,"minecraft:beetroot":1,"gamma_beasts:red_maple_log":64,"minecraft:sugar_cane":5,"minecraft:iron_boots":2,"minecraft:furnace":3,"minecraft:stick":9,"minecraft:raw_iron":11,"minecraft:sandstone":185,"tombstone:grave_dust":1,"minecraft:carrot":22,"minecraft:rotten_flesh":7,"minecraft:diamond_chestplate":1,"minecraft:tropical_fish":1,"minecraft:beetroot_seeds":2,"minecraft:hay_block":25,"minecraft:sandstone_stairs":1,"alexsmobs:emu_egg":1,"gamma_beasts:coal_nugget":7,"minecraft:white_terracotta":1,"minecraft:brick_stairs":2,"minecraft:cobblestone":245,"minecraft:bone_block":15,"minecraft:stripped_oak_log":8,"gamma_beasts:almandine_cobblestone":1,"minecraft:leather_chestplate":2,"minecraft:golden_carrot":4,"minecraft:salmon":1,"minecraft:jungle_wood":8,"minecraft:potato":40,"minecraft:granite_stairs":2,"minecraft:flint":1,"waystones:sandy_waystone":2,"minecraft:oak_log":15,"minecraft:gunpowder":5,"mca:book_romance":1,"graveyard:birch_coffin":2,"minecraft:lapis_lazuli":38,"minecraft:dirt":6,"minecraft:blue_bed":3,"minecraft:orange_terracotta":6,"minecraft:bone":3,"minecraft:apple":1,"minecraft:wheat_seeds":15,"minecraft:raw_gold":26,"minecraft:iron_ingot":6,"minecraft:cobweb":5,"tombstone:bag_of_seeds":1,"spore:mutated_fiber":6,"minecraft:glowstone_dust":2,"minecraft:dandelion":1,"minecraft:sand":8,"minecraft:spruce_log":81,"minecraft:pumpkin_seeds":3,"minecraft:soul_lantern":1,"minecraft:granite":1,"minecraft:chainmail_helmet":2,"minecraft:oak_button":1,"minecraft:terracotta":12,"minecraft:oak_sapling":2,"minecraft:melon_seeds":4,"minecraft:coal":29},"minecraft:killed":{"minecraft:spider":1,"minecraft:drowned":1,"alexsmobs:hammerhead_shark":1,"cardinal_sins:warriorofash":1,"minecraft:husk":1,"spore:inf_player":2,"minecraft:salmon":1,"spore:inf_drowned":1,"minecraft:creeper":3,"spore:inf_villager":1,"minecraft:zombie":4,"alexsmobs:roadrunner":1},"minecraft:killed_by":{"minecraft:husk":1,"spore:busser":1,"spore:inf_human":1,"spore:wendigo":2},"minecraft:dropped":{"minecraft:wheat_seeds":1,"graveyard:birch_coffin":1,"minecraft:coal":6,"mca:book_romance":1,"minecraft:map":1,"minecraft:sand":1,"minecraft:granite_stairs":1,"minecraft:bone":2,"minecraft:dandelion":1,"minecraft:raw_copper":7,"minecraft:leather_chestplate":1,"minecraft:brick_stairs":1,"minecraft:oak_sapling":2,"minecraft:spruce_log":1,"minecraft:sandstone":104,"minecraft:stone_pickaxe":1},"minecraft:used":{"minecraft:granite_stairs":1,"minecraft:flint_and_steel":2,"minecraft:shield":3,"minecraft:dirt":6,"minecraft:carrot":12,"minecraft:wooden_axe":65,"minecraft:iron_axe":146,"minecraft:hay_block":4,"minecraft:furnace":4,"tombstone:gift":3,"graveyard:birch_coffin":1,"minecraft:potato":4,"minecraft:iron_leggings":1,"minecraft:sandstone_stairs":1,"minecraft:stone_pickaxe":118,"minecraft:oak_planks":2,"minecraft:wooden_pickaxe":41,"minecraft:sandstone":66,"minecraft:blue_bed":2,"minecraft:sand":6,"minecraft:crafting_table":8,"tombstone:bag_of_seeds":1,"minecraft:wooden_hoe":6,"minecraft:bread":28,"minecraft:iron_pickaxe":187,"minecraft:stone_slab":1,"tombstone:grave_key":1,"minecraft:stone_axe":101,"minecraft:cobblestone":60,"alexsmobs:animal_dictionary":1,"minecraft:bone_meal":17},"minecraft:broken":{"minecraft:wooden_axe":1}},"DataVersion":3465}