{"stats":{"minecraft:killed":{"spore:volatile":1},"minecraft:crafted":{"minecraft:oak_planks":60,"minecraft:crafting_table":5,"minecraft:wooden_pickaxe":1,"minecraft:iron_sword":1,"tombstone:grave_key":2,"minecraft:stick":8,"minecraft:compass":1,"minecraft:wooden_axe":1},"minecraft:broken":{"minecraft:wooden_axe":1},"minecraft:killed_by":{"ava:blue_robot":1,"spore:volatile":5,"spore:inquisitor":1,"spore:leaper":1},"minecraft:custom":{"minecraft:mob_kills":1,"minecraft:interact_with_crafting_table":9,"minecraft:open_barrel":1,"minecraft:damage_dealt_resisted":282,"minecraft:leave_game":7,"minecraft:time_since_death":6231,"minecraft:climb_one_cm":12102,"minecraft:sleep_in_bed":4,"minecraft:time_since_rest":5556,"minecraft:waystone_activated":1,"minecraft:sprint_one_cm":374511,"minecraft:damage_taken":4235,"minecraft:walk_one_cm":258596,"minecraft:trigger_trapped_chest":3,"minecraft:drop":46,"minecraft:damage_dealt":1123,"minecraft:swim_one_cm":16792,"minecraft:fly_one_cm":422012,"minecraft:open_chest":102,"minecraft:crouch_one_cm":1359,"minecraft:play_time":92549,"minecraft:deaths":9,"minecraft:sneak_time":446,"minecraft:walk_under_water_one_cm":9949,"minecraft:jump":1630,"minecraft:walk_on_water_one_cm":15775,"minecraft:interact_with_smoker":1,"minecraft:total_world_time":92549,"minecraft:fall_one_cm":49883},"minecraft:used":{"minecraft:blue_terracotta":1,"minecraft:oak_planks":4,"minecraft:iron_sword":36,"minecraft:wooden_pickaxe":51,"minecraft:sandstone":11,"gamma_beasts:green_apple":19,"gamma_beasts:thin_oak_log":11,"minecraft:sand":2,"minecraft:crafting_table":5,"minecraft:cod":1,"minecraft:black_bed":1,"minecraft:wooden_axe":56,"minecraft:apple":5,"minecraft:bread":13,"tombstone:grave_key":2,"tombstone:gift":4,"minecraft:potato":6,"minecraft:orange_terracotta":1},"minecraft:picked_up":{"gamma_beasts:thin_oak_log":17,"minecraft:crafting_table":2,"minecraft:wheat":2,"minecraft:black_bed":1,"minecraft:cut_sandstone":6,"minecraft:potato":5,"minecraft:gold_block":2,"minecraft:oak_log":15,"gamma_beasts:green_apple":27,"gamma_beasts:oak_leaf":25,"ava:shotgun_ammo":36,"tombstone:gift":1,"minecraft:orange_terracotta":2,"minecraft:beetroot":1,"minecraft:wheat_seeds":1,"spore:mutated_fiber":4,"minecraft:chest":1,"minecraft:sugar_cane":20,"minecraft:oak_planks":1,"minecraft:acacia_sapling":2,"minecraft:stick":1,"spore:tumor":3,"minecraft:sandstone":12,"spore:armor_fragment":5,"minecraft:green_bed":1,"minecraft:acacia_log":8,"minecraft:redstone":6,"minecraft:stone_pressure_plate":1,"minecraft:tnt":18,"horror_element_mod:impaled_head":1,"spore:claw_fragment":8,"minecraft:blue_terracotta":1,"minecraft:rotten_flesh":11,"minecraft:hay_block":1,"minecraft:oak_sapling":1,"minecraft:coal":3,"minecraft:cobblestone":8},"minecraft:dropped":{"minecraft:wheat_seeds":1,"gamma_beasts:oak_leaf":25,"minecraft:crafting_table":1,"minecraft:book":1,"minecraft:rotten_flesh":33,"minecraft:oak_planks":1,"spore:mutated_fiber":4,"tombstone:grave_key":1,"minecraft:oak_sapling":1,"minecraft:acacia_sapling":2,"spore:tumor":3,"minecraft:paper":1,"spore:armor_fragment":5,"minecraft:redstone":1},"minecraft:mined":{"minecraft:cut_sandstone":6,"minecraft:orange_terracotta":2,"minecraft:acacia_log":8,"minecraft:tall_grass":1,"minecraft:sugar_cane":7,"minecraft:oak_planks":1,"minecraft:sandstone":12,"horror_element_mod:impaled_head":1,"minecraft:hay_block":1,"minecraft:blue_terracotta":1,"minecraft:wheat":2,"minecraft:tnt":18,"minecraft:black_bed":1,"gamma_beasts:thin_oak_log":17,"minecraft:grass":4,"minecraft:coal_ore":3,"minecraft:oak_log":19,"minecraft:beetroots":1,"minecraft:vine":1,"minecraft:sand":1,"minecraft:stone":8,"minecraft:oak_leaves":1,"spore:remains":3}},"DataVersion":3465}