{"stats":{"minecraft:crafted":{"minecraft:oak_planks":28,"minecraft:crafting_table":4,"minecraft:stick":4,"minecraft:wooden_pickaxe":1,"minecraft:wooden_axe":1},"minecraft:killed_by":{"spore:leaper":1},"minecraft:used":{"minecraft:wooden_axe":45,"minecraft:blue_terracotta":1,"minecraft:apple":5,"minecraft:bread":12,"minecraft:oak_planks":4,"minecraft:wooden_pickaxe":51,"minecraft:sandstone":11,"gamma_beasts:green_apple":17,"gamma_beasts:thin_oak_log":11,"minecraft:sand":2,"minecraft:crafting_table":3,"minecraft:black_bed":1,"tombstone:gift":2,"minecraft:potato":6,"minecraft:orange_terracotta":1},"minecraft:picked_up":{"gamma_beasts:thin_oak_log":17,"minecraft:sandstone":12,"minecraft:black_bed":1,"minecraft:cut_sandstone":6,"minecraft:acacia_log":8,"minecraft:potato":5,"gamma_beasts:oak_leaf":25,"gamma_beasts:green_apple":27,"minecraft:oak_log":15,"minecraft:stone_pressure_plate":1,"horror_element_mod:impaled_head":1,"minecraft:tnt":18,"minecraft:orange_terracotta":2,"minecraft:rotten_flesh":5,"minecraft:blue_terracotta":1,"minecraft:wheat_seeds":1,"minecraft:hay_block":1,"minecraft:sugar_cane":20,"minecraft:oak_planks":1,"minecraft:acacia_sapling":2,"minecraft:coal":3,"minecraft:cobblestone":8},"minecraft:custom":{"minecraft:time_since_rest":11122,"minecraft:waystone_activated":1,"minecraft:sprint_one_cm":285197,"minecraft:damage_taken":1355,"minecraft:walk_one_cm":200505,"minecraft:trigger_trapped_chest":1,"minecraft:drop":8,"minecraft:interact_with_crafting_table":5,"minecraft:swim_one_cm":9986,"minecraft:fly_one_cm":351107,"minecraft:open_barrel":1,"minecraft:open_chest":94,"minecraft:crouch_one_cm":1189,"minecraft:play_time":68549,"minecraft:deaths":2,"minecraft:sneak_time":323,"minecraft:walk_under_water_one_cm":5562,"minecraft:jump":1275,"minecraft:leave_game":7,"minecraft:time_since_death":18703,"minecraft:total_world_time":68549,"minecraft:walk_on_water_one_cm":8639,"minecraft:interact_with_smoker":1,"minecraft:sleep_in_bed":4,"minecraft:climb_one_cm":11409,"minecraft:fall_one_cm":40522},"minecraft:dropped":{"minecraft:wheat_seeds":1,"gamma_beasts:oak_leaf":25,"tombstone:grave_key":1,"minecraft:acacia_sapling":2,"minecraft:oak_sapling":1,"minecraft:rotten_flesh":2,"minecraft:oak_planks":1},"minecraft:mined":{"minecraft:hay_block":1,"minecraft:cut_sandstone":6,"minecraft:blue_terracotta":1,"minecraft:orange_terracotta":2,"minecraft:black_bed":1,"minecraft:tnt":18,"minecraft:acacia_log":8,"minecraft:grass":4,"gamma_beasts:thin_oak_log":17,"minecraft:oak_log":19,"minecraft:coal_ore":3,"minecraft:vine":1,"minecraft:tall_grass":1,"minecraft:stone":8,"minecraft:oak_planks":1,"minecraft:sugar_cane":7,"minecraft:oak_leaves":1,"minecraft:sandstone":12,"horror_element_mod:impaled_head":1}},"DataVersion":3465}