{"stats":{"minecraft:custom":{"minecraft:time_since_rest":21530,"minecraft:sprint_one_cm":222159,"minecraft:damage_taken":565,"minecraft:walk_one_cm":141722,"minecraft:trigger_trapped_chest":1,"minecraft:drop":8,"minecraft:interact_with_crafting_table":5,"minecraft:swim_one_cm":5076,"minecraft:fly_one_cm":281249,"minecraft:open_barrel":1,"minecraft:open_chest":53,"minecraft:crouch_one_cm":1066,"minecraft:play_time":46430,"minecraft:deaths":1,"minecraft:sneak_time":223,"minecraft:walk_under_water_one_cm":4297,"minecraft:jump":962,"minecraft:leave_game":3,"minecraft:time_since_death":45188,"minecraft:total_world_time":46430,"minecraft:walk_on_water_one_cm":5663,"minecraft:interact_with_smoker":1,"minecraft:sleep_in_bed":1,"minecraft:climb_one_cm":4493,"minecraft:fall_one_cm":29512},"minecraft:mined":{"minecraft:hay_block":1,"minecraft:cut_sandstone":4,"minecraft:blue_terracotta":1,"minecraft:orange_terracotta":1,"minecraft:tnt":9,"minecraft:acacia_log":8,"minecraft:grass":3,"gamma_beasts:thin_oak_log":17,"minecraft:oak_log":19,"minecraft:coal_ore":3,"minecraft:vine":1,"minecraft:tall_grass":1,"minecraft:stone":8,"minecraft:sugar_cane":7,"minecraft:oak_planks":1,"minecraft:oak_leaves":1,"minecraft:sandstone":11,"horror_element_mod:impaled_head":1},"minecraft:picked_up":{"gamma_beasts:thin_oak_log":17,"minecraft:sandstone":11,"minecraft:cut_sandstone":4,"minecraft:acacia_log":8,"minecraft:potato":5,"gamma_beasts:oak_leaf":25,"gamma_beasts:green_apple":27,"minecraft:oak_log":15,"horror_element_mod:impaled_head":1,"minecraft:tnt":9,"minecraft:orange_terracotta":1,"minecraft:rotten_flesh":5,"minecraft:blue_terracotta":1,"minecraft:wheat_seeds":1,"minecraft:hay_block":1,"minecraft:sugar_cane":20,"minecraft:oak_planks":1,"minecraft:acacia_sapling":2,"minecraft:coal":3,"minecraft:cobblestone":8},"minecraft:dropped":{"minecraft:wheat_seeds":1,"gamma_beasts:oak_leaf":25,"tombstone:grave_key":1,"minecraft:acacia_sapling":2,"minecraft:oak_sapling":1,"minecraft:rotten_flesh":2,"minecraft:oak_planks":1},"minecraft:crafted":{"minecraft:oak_planks":28,"minecraft:crafting_table":4,"minecraft:stick":4,"minecraft:wooden_pickaxe":1,"minecraft:wooden_axe":1},"minecraft:used":{"minecraft:wooden_axe":45,"minecraft:apple":5,"minecraft:bread":10,"minecraft:oak_planks":4,"minecraft:wooden_pickaxe":38,"minecraft:sandstone":11,"gamma_beasts:green_apple":2,"minecraft:sand":2,"minecraft:crafting_table":3,"tombstone:gift":2,"minecraft:potato":6}},"DataVersion":3465}