{"stats":{"minecraft:picked_up":{"minecraft:sandstone":11,"minecraft:cut_sandstone":1,"minecraft:potato":5,"minecraft:oak_log":6,"minecraft:orange_terracotta":1,"minecraft:rotten_flesh":2,"minecraft:oak_planks":1},"minecraft:crafted":{"minecraft:oak_planks":24,"minecraft:crafting_table":2,"minecraft:stick":4,"minecraft:wooden_pickaxe":1},"minecraft:used":{"minecraft:apple":4,"minecraft:bread":1,"minecraft:oak_planks":2,"minecraft:wooden_pickaxe":14,"minecraft:crafting_table":2,"tombstone:gift":2,"minecraft:potato":4},"minecraft:mined":{"minecraft:cut_sandstone":1,"minecraft:blue_terracotta":1,"minecraft:orange_terracotta":1,"minecraft:grass":2,"minecraft:oak_log":6,"minecraft:vine":1,"minecraft:tall_grass":1,"minecraft:oak_planks":1,"minecraft:sandstone":11},"minecraft:custom":{"minecraft:time_since_rest":14031,"minecraft:sprint_one_cm":65767,"minecraft:damage_taken":310,"minecraft:walk_one_cm":60091,"minecraft:drop":3,"minecraft:interact_with_crafting_table":3,"minecraft:fly_one_cm":112823,"minecraft:open_barrel":1,"minecraft:open_chest":15,"minecraft:crouch_one_cm":82,"minecraft:play_time":15593,"minecraft:deaths":1,"minecraft:sneak_time":149,"minecraft:walk_under_water_one_cm":1768,"minecraft:jump":287,"minecraft:leave_game":1,"minecraft:time_since_death":14351,"minecraft:walk_on_water_one_cm":843,"minecraft:total_world_time":15593,"minecraft:interact_with_smoker":1,"minecraft:climb_one_cm":892,"minecraft:fall_one_cm":10244},"minecraft:dropped":{"tombstone:grave_key":1,"minecraft:rotten_flesh":2}},"DataVersion":3465}