{"stats":{"minecraft:custom":{"minecraft:jump":26,"minecraft:time_since_rest":2270,"minecraft:deaths":1,"minecraft:sprint_one_cm":7241,"minecraft:play_time":3832,"minecraft:damage_taken":210,"minecraft:time_since_death":2590,"minecraft:walk_one_cm":8180,"minecraft:sneak_time":8,"minecraft:total_world_time":3832,"minecraft:walk_under_water_one_cm":344,"minecraft:drop":1,"minecraft:fall_one_cm":822,"minecraft:fly_one_cm":43903},"minecraft:crafted":{"minecraft:oak_planks":12},"minecraft:dropped":{"tombstone:grave_key":1},"minecraft:mined":{"minecraft:oak_log":3},"minecraft:used":{"tombstone:gift":2},"minecraft:picked_up":{"minecraft:oak_log":3}},"DataVersion":3465}