{"stats":{"minecraft:picked_up":{"gamma_beasts:thin_oak_log":17,"minecraft:sandstone":11,"minecraft:cut_sandstone":4,"minecraft:potato":5,"gamma_beasts:oak_leaf":25,"gamma_beasts:green_apple":27,"minecraft:oak_log":7,"minecraft:tnt":9,"minecraft:orange_terracotta":1,"minecraft:blue_terracotta":1,"minecraft:rotten_flesh":5,"minecraft:sugar_cane":14,"minecraft:oak_planks":1,"minecraft:coal":1},"minecraft:crafted":{"minecraft:oak_planks":24,"minecraft:crafting_table":3,"minecraft:stick":4,"minecraft:wooden_pickaxe":1,"minecraft:wooden_axe":1},"minecraft:used":{"minecraft:wooden_axe":20,"minecraft:apple":5,"minecraft:bread":4,"minecraft:oak_planks":4,"minecraft:wooden_pickaxe":27,"minecraft:sandstone":11,"gamma_beasts:green_apple":2,"minecraft:sand":2,"minecraft:crafting_table":3,"tombstone:gift":2,"minecraft:potato":6},"minecraft:mined":{"minecraft:cut_sandstone":4,"minecraft:blue_terracotta":1,"minecraft:orange_terracotta":1,"minecraft:tnt":9,"gamma_beasts:thin_oak_log":17,"minecraft:grass":2,"minecraft:coal_ore":1,"minecraft:oak_log":7,"minecraft:vine":1,"minecraft:tall_grass":1,"minecraft:sugar_cane":5,"minecraft:oak_planks":1,"minecraft:sandstone":11},"minecraft:custom":{"minecraft:time_since_rest":8693,"minecraft:sprint_one_cm":151476,"minecraft:damage_taken":360,"minecraft:walk_one_cm":97058,"minecraft:drop":3,"minecraft:swim_one_cm":1322,"minecraft:interact_with_crafting_table":5,"minecraft:fly_one_cm":178223,"minecraft:open_barrel":1,"minecraft:open_chest":46,"minecraft:crouch_one_cm":201,"minecraft:play_time":33593,"minecraft:deaths":1,"minecraft:sneak_time":162,"minecraft:walk_under_water_one_cm":2881,"minecraft:jump":566,"minecraft:leave_game":1,"minecraft:sleep_in_bed":1,"minecraft:time_since_death":32351,"minecraft:walk_on_water_one_cm":1691,"minecraft:total_world_time":33593,"minecraft:interact_with_smoker":1,"minecraft:climb_one_cm":2153,"minecraft:fall_one_cm":17340},"minecraft:dropped":{"tombstone:grave_key":1,"minecraft:rotten_flesh":2}},"DataVersion":3465}