{"stats":{"minecraft:crafted":{"minecraft:oak_planks":28,"minecraft:crafting_table":4,"minecraft:wooden_pickaxe":1,"tombstone:grave_key":2,"minecraft:stick":4,"minecraft:wooden_axe":1},"minecraft:broken":{"minecraft:wooden_axe":1},"minecraft:killed_by":{"ava:blue_robot":1,"spore:volatile":3,"spore:leaper":1},"minecraft:custom":{"minecraft:interact_with_crafting_table":6,"minecraft:open_barrel":1,"minecraft:damage_dealt_resisted":132,"minecraft:leave_game":7,"minecraft:time_since_death":852,"minecraft:climb_one_cm":12033,"minecraft:sleep_in_bed":4,"minecraft:time_since_rest":212,"minecraft:waystone_activated":1,"minecraft:sprint_one_cm":333487,"minecraft:damage_taken":2971,"minecraft:walk_one_cm":234174,"minecraft:trigger_trapped_chest":1,"minecraft:drop":9,"minecraft:damage_dealt":539,"minecraft:swim_one_cm":14176,"minecraft:fly_one_cm":393124,"minecraft:open_chest":99,"minecraft:crouch_one_cm":1359,"minecraft:play_time":80549,"minecraft:deaths":6,"minecraft:sneak_time":426,"minecraft:walk_under_water_one_cm":8760,"minecraft:jump":1488,"minecraft:walk_on_water_one_cm":12743,"minecraft:interact_with_smoker":1,"minecraft:total_world_time":80549,"minecraft:fall_one_cm":48445},"minecraft:used":{"minecraft:blue_terracotta":1,"minecraft:oak_planks":4,"minecraft:wooden_pickaxe":51,"minecraft:sandstone":11,"gamma_beasts:green_apple":19,"gamma_beasts:thin_oak_log":11,"minecraft:sand":2,"minecraft:crafting_table":4,"minecraft:cod":1,"minecraft:black_bed":1,"minecraft:wooden_axe":56,"minecraft:apple":5,"minecraft:bread":12,"tombstone:grave_key":2,"tombstone:gift":4,"minecraft:potato":6,"minecraft:orange_terracotta":1},"minecraft:picked_up":{"gamma_beasts:thin_oak_log":17,"minecraft:crafting_table":1,"minecraft:wheat":2,"minecraft:black_bed":1,"minecraft:cut_sandstone":6,"minecraft:potato":5,"minecraft:gold_block":2,"minecraft:oak_log":15,"gamma_beasts:green_apple":27,"gamma_beasts:oak_leaf":25,"ava:shotgun_ammo":36,"tombstone:gift":1,"minecraft:orange_terracotta":2,"minecraft:beetroot":1,"minecraft:wheat_seeds":1,"minecraft:sugar_cane":20,"minecraft:oak_planks":1,"minecraft:acacia_sapling":2,"minecraft:sandstone":12,"minecraft:acacia_log":8,"minecraft:redstone":6,"minecraft:stone_pressure_plate":1,"minecraft:tnt":18,"horror_element_mod:impaled_head":1,"minecraft:blue_terracotta":1,"minecraft:rotten_flesh":5,"minecraft:hay_block":1,"minecraft:oak_sapling":1,"minecraft:coal":3,"minecraft:cobblestone":8},"minecraft:dropped":{"minecraft:wheat_seeds":1,"gamma_beasts:oak_leaf":25,"minecraft:crafting_table":1,"minecraft:rotten_flesh":2,"minecraft:oak_planks":1,"tombstone:grave_key":1,"minecraft:oak_sapling":1,"minecraft:acacia_sapling":2},"minecraft:mined":{"minecraft:cut_sandstone":6,"minecraft:orange_terracotta":2,"minecraft:acacia_log":8,"minecraft:tall_grass":1,"minecraft:sugar_cane":7,"minecraft:oak_planks":1,"minecraft:sandstone":12,"horror_element_mod:impaled_head":1,"minecraft:hay_block":1,"minecraft:blue_terracotta":1,"minecraft:wheat":2,"minecraft:tnt":18,"minecraft:black_bed":1,"gamma_beasts:thin_oak_log":17,"minecraft:grass":4,"minecraft:coal_ore":3,"minecraft:oak_log":19,"minecraft:beetroots":1,"minecraft:vine":1,"minecraft:sand":1,"minecraft:stone":8,"minecraft:oak_leaves":1,"spore:remains":2}},"DataVersion":3465}