{"stats":{"minecraft:crafted":{"minecraft:smooth_stone":8,"minecraft:oak_planks":60,"minecraft:stone":14,"ava:lens":2,"minecraft:glass":12,"ava:silicon":16,"ava:work_hardened_iron":72,"tombstone:grave_key":2,"ava:gun_crafting_table":1,"minecraft:crafting_table":9,"minecraft:wooden_pickaxe":1,"minecraft:copper_ingot":154,"sophisticatedbackpacks:diamond_backpack":1,"minecraft:stick":12,"minecraft:compass":1,"minecraft:iron_ingot":76,"minecraft:iron_pickaxe":1,"minecraft:light_blue_stained_glass":8,"ava:fibre":4,"minecraft:tinted_glass":4,"minecraft:furnace":1,"minecraft:blast_furnace":1,"ava:plastic":23,"sophisticatedbackpacks:iron_backpack":1,"minecraft:coal_block":13,"minecraft:cooked_cod":2,"minecraft:iron_sword":1,"sophisticatedbackpacks:gold_backpack":1,"minecraft:bucket":3,"minecraft:air":0,"minecraft:wooden_axe":1,"ava:packed_gunpowder":8,"minecraft:iron_shovel":1,"minecraft:acacia_planks":32},"minecraft:custom":{"minecraft:interact_with_crafting_table":53,"minecraft:open_barrel":89,"minecraft:eat_cake_slice":4,"minecraft:leave_game":15,"minecraft:time_since_death":37230,"minecraft:sprint_one_cm":1265877,"minecraft:drop":238,"minecraft:play_time":386330,"minecraft:deaths":59,"minecraft:jump":4570,"minecraft:walk_on_water_one_cm":88792,"minecraft:interact_with_furnace":48,"minecraft:sleep_in_bed":4,"minecraft:waystone_activated":4,"minecraft:damage_dealt":83768,"minecraft:crouch_one_cm":8684,"tombstone:undead_killed":110,"minecraft:interact_with_smoker":4,"minecraft:interact_with_smithing_table":6,"minecraft:interact_with_anvil":3,"minecraft:mob_kills":310,"minecraft:damage_dealt_resisted":1275,"minecraft:climb_one_cm":24169,"minecraft:walk_one_cm":1429175,"minecraft:damage_dealt_absorbed":240,"minecraft:sneak_time":3020,"minecraft:walk_under_water_one_cm":42222,"minecraft:interact_with_blast_furnace":27,"minecraft:total_world_time":386330,"minecraft:tune_noteblock":2,"minecraft:time_since_rest":37002,"minecraft:damage_taken":23834,"minecraft:trigger_trapped_chest":4,"minecraft:swim_one_cm":83551,"minecraft:fly_one_cm":936028,"minecraft:open_chest":242,"minecraft:fall_one_cm":114933},"minecraft:mined":{"minecraft:large_amethyst_bud":1,"minecraft:stone_pressure_plate":3,"spore:infested_sand":9,"spore:wall_growths":30,"minecraft:cobbled_deepslate_stairs":1,"spore:underwater_fungal_stem_top":4,"minecraft:jungle_leaves":5,"minecraft:granite":2,"minecraft:budding_amethyst":2,"minecraft:acacia_log":8,"minecraft:deepslate_tile_wall":1,"ava:gun_colouring_table":1,"spore:fungal_stem":77,"minecraft:spawner":21,"spore:mycelium_veins":47,"minecraft:smooth_stone":1,"minecraft:iron_ore":51,"minecraft:cobbled_deepslate":7,"minecraft:barrel":1,"minecraft:deepslate_lapis_ore":1,"spore:growth_mycelium":65,"minecraft:cave_vines":1,"minecraft:small_amethyst_bud":4,"minecraft:iron_bars":1,"minecraft:azalea":1,"minecraft:granite_stairs":1,"minecraft:piston_head":1,"minecraft:sandstone_slab":1,"minecraft:deepslate_redstone_ore":1,"minecraft:cut_sandstone":6,"spore:biomass_lump":1,"minecraft:medium_amethyst_bud":3,"minecraft:amethyst_cluster":5,"minecraft:orange_terracotta":3,"spore:growths_big":70,"minecraft:blast_furnace":2,"minecraft:calcite":3,"minecraft:chest":1,"minecraft:dead_bush":1,"spore:biomass_block":1,"minecraft:sugar_cane":9,"minecraft:oak_planks":1,"minecraft:damaged_anvil":1,"minecraft:amethyst_block":8,"spore:fungal_stem_sapling":2,"minecraft:blue_terracotta":1,"minecraft:wheat":2,"minecraft:black_bed":2,"minecraft:tnt":177,"minecraft:wither_rose":1,"minecraft:stone_brick_stairs":1,"minecraft:grass":5,"minecraft:oak_log":19,"horror_element_mod:dead_cow":1,"minecraft:beetroots":1,"minecraft:sand":68,"minecraft:dirt":6,"minecraft:oak_leaves":2,"minecraft:deepslate":18,"spore:remains":12,"minecraft:yellow_terracotta":3,"minecraft:tuff":1,"spore:wall_growths_big":35,"minecraft:dark_oak_leaves":1,"spore:brain_remnants":1,"minecraft:moss_block":1,"spore:growths_small":65,"minecraft:sandstone":14,"minecraft:large_fern":1,"minecraft:hay_block":1,"minecraft:deepslate_brick_slab":2,"minecraft:redstone_ore":1,"minecraft:furnace":2,"spore:blomfung":32,"minecraft:chiseled_sandstone":1,"minecraft:andesite":6,"minecraft:gold_block":1,"minecraft:polished_deepslate":4,"minecraft:deepslate_iron_ore":11,"minecraft:vine":4,"minecraft:stone":52,"minecraft:bone_block":7,"minecraft:smithing_table":1,"minecraft:podzol":2,"minecraft:stone_brick_slab":2,"minecraft:tall_grass":4,"minecraft:copper_ore":46,"minecraft:deepslate_gold_ore":2,"minecraft:lapis_ore":3,"minecraft:lily_pad":1,"minecraft:diorite":3,"horror_element_mod:impaled_head":1,"spore:bloomfung2":115,"minecraft:quartz_pillar":17,"spore:fungal_stem_top":7,"gamma_beasts:thin_oak_log":17,"minecraft:coal_ore":68,"minecraft:mycelium":2,"minecraft:cobweb":3,"ava:gun_crafting_table":2,"minecraft:cracked_stone_bricks":1,"minecraft:stone_bricks":5,"minecraft:gold_ore":2,"minecraft:iron_trapdoor":1,"minecraft:birch_fence":1,"minecraft:fern":1},"minecraft:picked_up":{"gamma_beasts:thin_oak_log":17,"spore:mutated_heart":14,"minecraft:wheat":3,"gamma_beasts:fur":7,"minecraft:smithing_table":1,"minecraft:enchanted_book":2,"ava:shotgun_ammo":36,"minecraft:amethyst_block":3,"spore:innards":3,"minecraft:polished_deepslate":3,"minecraft:string":8,"minecraft:raw_copper":153,"minecraft:beetroot":1,"minecraft:cobbled_deepslate":11,"minecraft:smooth_stone":1,"minecraft:cobblestone_slab":3,"spore:infested_sand":12,"minecraft:iron_pickaxe":2,"minecraft:furnace":2,"minecraft:stick":8,"spore:vigil_eye":1,"minecraft:big_dripleaf":2,"minecraft:acacia_log":8,"ava:m4a1_xplorer":2,"minecraft:green_bed":1,"ava:work_hardened_iron":43,"tombstone:grave_dust":9,"minecraft:diorite":3,"minecraft:rotten_flesh":36,"gamma_beasts:coal_nugget":43,"alexsmobs:emu_egg":1,"minecraft:cobblestone":36,"minecraft:andesite":2,"minecraft:black_bed":1,"minecraft:potato":5,"gamma_beasts:oak_leaf":25,"minecraft:lapis_lazuli":24,"minecraft:dirt":2,"minecraft:glass":3,"minecraft:bone":34,"minecraft:acacia_planks":28,"minecraft:wheat_seeds":18,"minecraft:raw_gold":4,"minecraft:oak_planks":1,"spore:cerebrum":24,"spore:armor_fragment":87,"minecraft:sand":141,"minecraft:ink_sac":1,"minecraft:chiseled_sandstone":6,"minecraft:bundle":1,"spore:claw_fragment":48,"minecraft:polished_andesite":4,"minecraft:blue_terracotta":1,"minecraft:crossbow":1,"minecraft:granite":2,"minecraft:grass":1,"minecraft:emerald":1,"minecraft:bread":6,"alexsmobs:maggot":1,"spore:spine_fragment":15,"minecraft:oak_sapling":2,"minecraft:crafting_table":2,"minecraft:sandstone_slab":6,"minecraft:clay_ball":23,"minecraft:golden_pickaxe":1,"minecraft:leather_leggings":1,"minecraft:wooden_pickaxe":1,"minecraft:gold_block":2,"minecraft:moss_carpet":2,"graveyard:corruption":3,"minecraft:cracked_stone_bricks":1,"minecraft:chest":1,"minecraft:sugar_cane":22,"spore:tumor":7,"minecraft:raw_iron":99,"minecraft:sandstone":41,"spore:wing_membrane":1,"minecraft:copper_ingot":3,"minecraft:quartz_pillar":9,"minecraft:redstone":13,"minecraft:stone_pressure_plate":3,"minecraft:tnt":175,"horror_element_mod:impaled_head":1,"minecraft:arrow":42,"minecraft:beetroot_seeds":6,"minecraft:hay_block":2,"minecraft:sandstone_stairs":1,"minecraft:yellow_terracotta":2,"tombstone:essence_of_undeath":1,"spore:alveolic_sack":4,"spore:tendons":9,"minecraft:glow_berries":1,"minecraft:bone_block":7,"spore:maul":1,"ava:gun_crafting_table":2,"spore:altered_spleen":1,"minecraft:cut_sandstone":6,"minecraft:birch_planks":1,"minecraft:granite_stairs":1,"waystones:sandy_waystone":1,"minecraft:oak_log":15,"gamma_beasts:green_apple":27,"minecraft:gunpowder":14,"tombstone:gift":2,"minecraft:orange_terracotta":2,"minecraft:stone_bricks":3,"gamma_beasts:meat":2,"minecraft:iron_ingot":27,"minecraft:iron_ore":31,"spore:mutated_fiber":600,"ava:regular_rifle_magazine":11,"minecraft:tall_grass":1,"minecraft:acacia_sapling":5,"minecraft:spyglass":1,"minecraft:amethyst_shard":22,"minecraft:blast_furnace":2,"minecraft:spider_eye":1,"minecraft:leather_helmet":1,"ava:gun_colouring_table":1,"minecraft:slime_ball":48,"minecraft:iron_helmet":1,"tombstone:magic_scroll":2,"minecraft:damaged_anvil":1,"minecraft:coal":67,"minecraft:ender_pearl":3},"minecraft:killed":{"graveyard:skeleton_creeper":4,"spore:braiomil":1,"minecraft:spider":9,"spore:leaper":6,"minecraft:skeleton":44,"gamma_beasts:banndu_a":1,"spore:delusioner":1,"spore:spitter":2,"spore:vigil":1,"spore:inf_player":7,"spore:inf_wanderer":2,"spore:inf_evoker":2,"spore:volatile":1,"spore:scamper":2,"spore:inf_drowned":3,"minecraft:creeper":23,"spore:umarmed":2,"spore:inf_villager":12,"spore:mound":6,"minecraft:zombie":28,"spore:inf_human":43,"spore:wendigo":1,"spore:knight":4,"alexsmobs:jerboa":1,"cardinal_sins:skeletonofgluttony":5,"alexsmobs:tarantula_hawk":1,"graveyard:nightmare":2,"spore:inquisitor":2,"spore:griefer":6,"spore:verva":1,"spore:usurper":3,"minecraft:drowned":1,"spore:braurei":3,"minecraft:husk":23,"alexsmobs:guster":2,"spore:inf_pillager":25,"spore:brot":4,"gamma_beasts:diamond_golem_a":1,"spore:inf_witch":2,"spore:claw":2,"spore:busser":8,"spore:inf_husk":6,"spore:slasher":3,"minecraft:enderman":3},"minecraft:killed_by":{"ava:blue_robot":1,"spore:volatile":7,"minecraft:creeper":4,"spore:knight":1,"spore:inquisitor":2,"graveyard:skeleton_creeper":1,"spore:inf_pillager":1,"minecraft:zombie":26,"spore:leaper":1,"spore:usurper":1,"spore:delusioner":1,"spore:sieger":4,"minecraft:skeleton":4,"spore:wave":1},"minecraft:used":{"minecraft:blue_terracotta":1,"minecraft:iron_shovel":60,"minecraft:polished_deepslate":3,"minecraft:chest":1,"minecraft:stone":6,"minecraft:iron_sword":93,"gamma_beasts:thin_oak_log":11,"minecraft:quartz_pillar":3,"minecraft:grass_block":1,"minecraft:stone_bricks":78,"minecraft:furnace":1,"minecraft:potato":6,"ava:gun_crafting_table":3,"minecraft:oak_planks":4,"minecraft:wooden_pickaxe":51,"minecraft:sandstone":11,"minecraft:sand":67,"minecraft:blast_furnace":1,"minecraft:black_bed":1,"minecraft:bread":123,"spore:maul":549,"tombstone:grave_key":2,"minecraft:golden_pickaxe":6,"minecraft:spruce_planks":9,"gamma_beasts:green_apple":19,"ava:gun_colouring_table":1,"minecraft:granite":2,"minecraft:wooden_axe":56,"tombstone:gift":6,"minecraft:orange_terracotta":1,"minecraft:cobbled_deepslate":5,"minecraft:acacia_planks":1,"minecraft:tnt":12,"minecraft:crafting_table":12,"minecraft:cod":1,"minecraft:apple":5,"minecraft:iron_pickaxe":592,"minecraft:cobblestone":6,"minecraft:bucket":4,"minecraft:smooth_stone":1},"minecraft:dropped":{"spore:spine_fragment":10,"minecraft:birch_planks":1,"minecraft:golden_pickaxe":1,"minecraft:crafting_table":1,"minecraft:sandstone_stairs":1,"minecraft:sandstone_slab":6,"minecraft:crossbow":1,"minecraft:glow_berries":1,"minecraft:flint":4,"minecraft:dirt":1,"minecraft:grass":1,"spore:innards":2,"ava:m4a1":1,"minecraft:iron_pickaxe":2,"minecraft:bone":11,"spore:infested_sand":6,"minecraft:cobbled_deepslate":1,"minecraft:rotten_flesh":43,"minecraft:oak_planks":3,"alexsmobs:emu_egg":1,"minecraft:gunpowder":6,"minecraft:beetroot_seeds":6,"minecraft:acacia_sapling":5,"ava:k1a1":1,"minecraft:arrow":9,"spore:armor_fragment":19,"minecraft:enchanted_book":1,"minecraft:iron_ingot":2,"minecraft:bread":1,"minecraft:wheat_seeds":7,"gamma_beasts:oak_leaf":25,"minecraft:iron_helmet":2,"minecraft:yellow_terracotta":2,"minecraft:cobblestone":2,"minecraft:book":9,"minecraft:amethyst_block":3,"minecraft:polished_andesite":2,"minecraft:stick":4,"tombstone:grave_key":1,"spore:tumor":7,"minecraft:smooth_stone":1,"minecraft:paper":1,"minecraft:string":8,"minecraft:lily_pad":1,"spore:claw_fragment":5,"minecraft:chiseled_sandstone":6,"minecraft:redstone":1,"minecraft:moss_carpet":1,"ava:m4a1_xplorer":2,"minecraft:tall_grass":1,"minecraft:clay_ball":23,"minecraft:iron_boots":1,"spore:cerebrum":1,"spore:mutated_fiber":290,"minecraft:big_dripleaf":1,"minecraft:cobblestone_slab":3,"minecraft:hay_block":1,"minecraft:diamond_chestplate":1,"minecraft:andesite":1,"minecraft:oak_sapling":3,"minecraft:stone_bricks":3,"minecraft:sandstone":28,"minecraft:wooden_pickaxe":1,"spore:wing_membrane":1,"ava:regular_rifle_magazine":5},"minecraft:broken":{"minecraft:leather_leggings":1,"minecraft:wooden_axe":1,"minecraft:iron_pickaxe":1}},"DataVersion":3465}