{"stats":{"minecraft:picked_up":{"minecraft:oak_log":6},"minecraft:crafted":{"minecraft:oak_planks":12},"minecraft:used":{"tombstone:gift":2,"minecraft:apple":2,"minecraft:bread":1},"minecraft:mined":{"minecraft:oak_log":6},"minecraft:custom":{"minecraft:jump":135,"minecraft:time_since_rest":8031,"minecraft:damage_taken":310,"minecraft:leave_game":1,"minecraft:time_since_death":8351,"minecraft:play_time":9593,"minecraft:walk_one_cm":34355,"minecraft:sprint_one_cm":29763,"minecraft:walk_on_water_one_cm":647,"minecraft:deaths":1,"minecraft:sneak_time":19,"minecraft:total_world_time":9593,"minecraft:walk_under_water_one_cm":1664,"minecraft:fall_one_cm":4135,"minecraft:drop":1,"minecraft:fly_one_cm":75012,"minecraft:open_chest":1},"minecraft:dropped":{"tombstone:grave_key":1}},"DataVersion":3465}