{"stats":{"minecraft:custom":{"minecraft:jump":68,"minecraft:time_since_rest":2706,"minecraft:damage_dealt":101,"minecraft:leave_game":1,"minecraft:walk_on_water_one_cm":1394,"minecraft:sprint_one_cm":4314,"minecraft:play_time":2706,"minecraft:damage_taken":50,"minecraft:time_since_death":2706,"minecraft:walk_one_cm":4436,"minecraft:total_world_time":2706,"minecraft:walk_under_water_one_cm":791,"minecraft:swim_one_cm":3686,"minecraft:fall_one_cm":1730,"minecraft:fly_one_cm":10543}},"DataVersion":3465}